<?xml version="1.0" encoding="utf-8"?><App xmlns="http://schemas.microsoft.com/sharepoint/2012/app/manifest" Name="delphi-directory-client-side-solution" ProductID="efaa777b-62b2-4bb8-ad98-0c140adde79a" SharePointMinVersion="16.0.0.0" IsClientSideSolution="true" Version="1.0.0.0" SkipFeatureDeployment="true" IsDomainIsolated="false"><Properties><Title>delphi-directory-client-side-solution</Title><DeveloperProperties>{&quot;name&quot;:&quot;&quot;,&quot;websiteUrl&quot;:&quot;&quot;,&quot;privacyUrl&quot;:&quot;&quot;,&quot;termsOfUseUrl&quot;:&quot;&quot;,&quot;mpnId&quot;:&quot;Undefined-1.16.1&quot;}</DeveloperProperties><ShortDescription><LocalizedString CultureName="default">delphi-directory description</LocalizedString></ShortDescription><LongDescription><LocalizedString CultureName="default">delphi-directory description</LocalizedString></LongDescription><Screenshots></Screenshots></Properties></App>